<?xml version="1.0" encoding="UTF-8"?>
<metadata xml:lang="en"><Esri><CreaDate>20170803</CreaDate><CreaTime>10165500</CreaTime><ArcGISFormat>1.0</ArcGISFormat><SyncOnce>TRUE</SyncOnce><ModDate>20170828</ModDate><ModTime>173415</ModTime></Esri><toolbox name="SolarStreamTools" alias="Solar"><arcToolboxHelpPath>c:\program files (x86)\arcgis\desktop10.1\Help\gp</arcToolboxHelpPath><toolsets/></toolbox><dataIdInfo><idCitation><resTitle>SolarStreamTools</resTitle></idCitation></dataIdInfo><distInfo><distributor><distorFormat><formatName>ArcToolbox Toolbox</formatName></distorFormat></distributor></distInfo></metadata>
