<?xml version="1.0"?>
<metadata xml:lang="en"><Esri><CreaDate>20170315</CreaDate><CreaTime>09412800</CreaTime><ArcGISFormat>1.0</ArcGISFormat><SyncOnce>TRUE</SyncOnce><ModDate>20170828</ModDate><ModTime>173420</ModTime><scaleRange><minScale>150000000</minScale><maxScale>5000</maxScale></scaleRange><ArcGISProfile>ItemDescription</ArcGISProfile></Esri><dataIdInfo><idCitation><resTitle>Create Riverscapes Project</resTitle></idCitation><idAbs>&lt;DIV STYLE="text-align:Left;"&gt;&lt;DIV&gt;&lt;DIV&gt;&lt;P&gt;&lt;SPAN&gt;The &lt;/SPAN&gt;&lt;SPAN STYLE="font-weight:bold;"&gt;Create Riverscapes &lt;/SPAN&gt;&lt;SPAN /&gt;&lt;SPAN STYLE="font-weight:bold;"&gt;Project&lt;/SPAN&gt;&lt;SPAN&gt; tool populates a user-specified folder workspace with two directories: &lt;/SPAN&gt;&lt;SPAN STYLE="font-style:italic;"&gt;ProjectInputs&lt;/SPAN&gt;&lt;SPAN&gt; and &lt;/SPAN&gt;&lt;SPAN STYLE="font-style:italic;"&gt;Realizations&lt;/SPAN&gt;&lt;SPAN&gt;. These directories will subsequently be used by the &lt;/SPAN&gt;&lt;SPAN STYLE="font-weight:bold;"&gt;General Solar Insolation Surface &lt;/SPAN&gt;&lt;SPAN&gt;and &lt;/SPAN&gt;&lt;SPAN STYLE="font-weight:bold;"&gt;Solar Insolation for a Stream Network&lt;/SPAN&gt;&lt;SPAN&gt; tools. This tool also creates the Riverscapes project XML file ("project.rs.xml"), and populates the file with basic information.&lt;/SPAN&gt;&lt;/P&gt;&lt;/DIV&gt;&lt;/DIV&gt;&lt;/DIV&gt;</idAbs><idCredit>South Fork Research, Inc.
Jesse Langdon</idCredit><searchKeys><keyword>solar</keyword><keyword>stream</keyword><keyword>insolation</keyword><keyword>Riverscapes</keyword><keyword>project</keyword></searchKeys></dataIdInfo><distInfo><distributor><distorFormat><formatName>ArcToolbox Tool</formatName></distorFormat></distributor></distInfo><tool name="CreateProjectTool" displayname="Create Riverscapes Project" toolboxalias="Solar" xmlns=""><parameters><param name="rs_dir" displayname="Riverscapes workspace" type="Required" direction="Input" datatype="Workspace" expression="rs_dir"><dialogReference>&lt;DIV STYLE="text-align:Left;"&gt;&lt;DIV&gt;&lt;DIV&gt;&lt;P&gt;&lt;SPAN&gt;Workspace which will store data inputs and outputs, and the project XML file (i.e. project.rs.xml). If the workspace is not empty, the tool will halt with an error. This must be an empty workspace.&lt;/SPAN&gt;&lt;/P&gt;&lt;/DIV&gt;&lt;/DIV&gt;&lt;/DIV&gt;</dialogReference></param><param name="region_name" displayname="Region name" type="Required" direction="Input" datatype="String" expression="CRB"><dialogReference>&lt;DIV STYLE="text-align:Left;"&gt;&lt;DIV&gt;&lt;DIV&gt;&lt;P&gt;&lt;SPAN&gt;Indicates the Riverscape region in which the project extent is located. Currently this parameter only provides one option, "CRB" (Columbia River Basin). Addtional options may be added in future versions.&lt;/SPAN&gt;&lt;/P&gt;&lt;/DIV&gt;&lt;/DIV&gt;&lt;/DIV&gt;</dialogReference></param><param name="wshd_name" displayname="Watershed name" type="Required" direction="Input" datatype="String" expression="Big-Navarro-Garcia (CA) | Clearwater | Entiat | Hells Canyon | Imnaha | Little Salmon | Lower John Day | Lower Selway | Lemhi | Lolo Creek | Lower North Fork Clearwater | Lower Salmon | Lower Snake-Asotin | Lower Snake-Tucannon | Methow | Middle Fork Clearwater | Middle Fork John Day | Middle Salmon-Panther | Minam | North Fork John Day | Okanogan | Pahsimeroi | South Fork Clearwater | South Fork Salmon | Umatilla | Upper Grande Ronde | Upper John Day | Upper Middle Fork Salmon | Upper North Fork Clearwater | Walla Walla | Wenatchee | Yankee Fork"><dialogReference>&lt;DIV STYLE="text-align:Left;"&gt;&lt;DIV&gt;&lt;DIV&gt;&lt;P&gt;&lt;SPAN&gt;Name of the ISEMP/CHaMP watershed in which represents the geographic extent of the Riverscapes project.&lt;/SPAN&gt;&lt;/P&gt;&lt;/DIV&gt;&lt;/DIV&gt;&lt;/DIV&gt;</dialogReference></param><param name="proj_name" displayname="Riverscapes project name" type="Required" direction="Input" datatype="String" expression="proj_name"><dialogReference>&lt;DIV STYLE="text-align:Left;"&gt;&lt;DIV&gt;&lt;DIV&gt;&lt;P&gt;&lt;SPAN&gt;Name of the Riverscapes project. This will be stored in the project XML file.&lt;/SPAN&gt;&lt;/P&gt;&lt;/DIV&gt;&lt;/DIV&gt;&lt;/DIV&gt;</dialogReference></param></parameters><summary>&lt;DIV STYLE="text-align:Left;"&gt;&lt;DIV&gt;&lt;DIV&gt;&lt;P&gt;&lt;SPAN&gt;The &lt;/SPAN&gt;&lt;SPAN STYLE="font-weight:bold;"&gt;Create Riverscapes &lt;/SPAN&gt;&lt;SPAN /&gt;&lt;SPAN STYLE="font-weight:bold;"&gt;Project&lt;/SPAN&gt;&lt;SPAN&gt; tool populates a user-specified folder workspace with two directories: &lt;/SPAN&gt;&lt;SPAN STYLE="font-style:italic;"&gt;ProjectInputs&lt;/SPAN&gt;&lt;SPAN&gt; and &lt;/SPAN&gt;&lt;SPAN STYLE="font-style:italic;"&gt;Realizations&lt;/SPAN&gt;&lt;SPAN&gt;. These directories will subsequently be used by the &lt;/SPAN&gt;&lt;SPAN STYLE="font-weight:bold;"&gt;General Solar Insolation Surface &lt;/SPAN&gt;&lt;SPAN&gt;and &lt;/SPAN&gt;&lt;SPAN STYLE="font-weight:bold;"&gt;Solar Insolation for a Stream Network&lt;/SPAN&gt;&lt;SPAN&gt; tools. This tool also creates the Riverscapes project XML file ("project.rs.xml"), and populates the file with basic information.&lt;/SPAN&gt;&lt;/P&gt;&lt;/DIV&gt;&lt;/DIV&gt;&lt;/DIV&gt;</summary></tool><mdHrLv><ScopeCd value="005"/></mdHrLv></metadata>
