<?xml version="1.0" encoding="UTF-8"?>
<metadata xml:lang="en"><Esri><CreaDate>20170803</CreaDate><CreaTime>10174900</CreaTime><ArcGISFormat>1.0</ArcGISFormat><SyncOnce>TRUE</SyncOnce><ModDate>20170828</ModDate><ModTime>173420</ModTime></Esri><dataIdInfo><idCitation><resTitle>Generate Solar Insolation Surface</resTitle></idCitation></dataIdInfo><distInfo><distributor><distorFormat><formatName>ArcToolbox Tool</formatName></distorFormat></distributor></distInfo><tool name="SolarRasterTool" displayname="Generate Solar Insolation Surface" toolboxalias="Solar"><parameters><param name="in_dem" displayname="Bare earth DEM raster dataset" type="Required" direction="Input" datatype="Raster Layer" expression="in_dem"/><param name="in_canopy" displayname="Vegetation height raster dataset" type="Required" direction="Input" datatype="Raster Layer" expression="in_canopy"/><param name="in_stream" displayname="Stream network polyline feature class" type="Required" direction="Input" datatype="Feature Layer" expression="in_stream"/><param name="in_strm_area" displayname="Stream area polygon feature class" type="Required" direction="Input" datatype="Feature Layer" expression="in_strm_area"/><param name="workspace_temp" displayname="Scratch workspace" type="Required" direction="Input" datatype="Workspace" expression="workspace_temp"/><param name="time_config" displayname="Time configuration" type="Required" direction="Input" datatype="Time configuration" expression="time_config"/><param name="day_intrvl" displayname="Day interval" type="Required" direction="Input" datatype="Double" expression="day_intrvl"/><param name="hour_intrvl" displayname="Hour interval" type="Required" direction="Input" datatype="Double" expression="hour_intrvl"/><param name="out_raster" displayname="Output solar insolation raster dataset" type="Required" direction="Output" datatype="Raster Dataset" expression="out_raster"/><param name="rs_bool" displayname="Is this a Riverscapes project?" type="Optional" direction="Input" datatype="Boolean" expression="{rs_bool}"/><param name="rs_dir" displayname="Riverscapes workspace" type="Optional" direction="Input" datatype="Workspace" expression="{rs_dir}"/><param name="proj_name" displayname="Riverscapes project name" type="Optional" direction="Input" datatype="String" expression="{proj_name}"/><param name="real_name" displayname="Realization name" type="Optional" direction="Input" datatype="String" expression="{real_name}"/></parameters></tool></metadata>
